{"cameraMode":{"drawMode":0,"name":"Shaded","section":"Shading Mode"},"sceneLighting":false,"audioPlay":false,"sceneViewState":{"showFog":true,"showMaterialUpdate":false,"showSkybox":false,"showFlares":true,"showImageEffects":true,"showParticleSystems":true},"in2DMode":false,"pivot":{"x":-74.48999786376953,"y":0.5252323150634766,"z":-0.5},"rotation":{"x":-0.001999633153900504,"y":-0.9982213377952576,"z":0.03955193981528282,"w":-0.04790157452225685},"size":1.235266923904419,"orthographic":true}