{"cameraMode":{"drawMode":0,"name":"Shaded","section":"Shading Mode"},"sceneLighting":false,"audioPlay":false,"sceneViewState":{"showFog":true,"showMaterialUpdate":false,"showSkybox":false,"showFlares":true,"showImageEffects":true,"showParticleSystems":true},"in2DMode":false,"pivot":{"x":-9.5367431640625e-7,"y":0.18174207210540772,"z":0.0000019073486328125},"rotation":{"x":0.0491391159594059,"y":-0.8561071753501892,"z":0.0830184742808342,"w":0.5080183148384094},"size":0.20561206340789796,"orthographic":true}