{"cameraMode":{"drawMode":0,"name":"Shaded","section":"Shading Mode"},"sceneLighting":false,"audioPlay":false,"sceneViewState":{"showFog":true,"showMaterialUpdate":false,"showSkybox":false,"showFlares":true,"showImageEffects":true,"showParticleSystems":true},"in2DMode":false,"pivot":{"x":-9.5367431640625e-7,"y":0.12704111635684968,"z":0.0},"rotation":{"x":0.024026427417993547,"y":-0.9620369076728821,"z":0.09034416824579239,"w":0.2570105195045471},"size":0.16946937143802644,"orthographic":true}