{"cameraMode":{"drawMode":0,"name":"Shaded","section":"Shading Mode"},"sceneLighting":false,"audioPlay":false,"sceneViewState":{"showFog":true,"showMaterialUpdate":false,"showSkybox":false,"showFlares":true,"showImageEffects":true,"showParticleSystems":true},"in2DMode":false,"pivot":{"x":9.5367431640625e-7,"y":-1.4901161193847657e-8,"z":0.0},"rotation":{"x":-0.06279899924993515,"y":0.8458611369132996,"z":-0.10264762490987778,"w":-0.5199621915817261},"size":0.39122581481933596,"orthographic":true}