{"cameraMode":{"drawMode":0,"name":"Shaded","section":"Shading Mode"},"sceneLighting":false,"audioPlay":false,"sceneViewState":{"showFog":true,"showMaterialUpdate":false,"showSkybox":false,"showFlares":true,"showImageEffects":true,"showParticleSystems":true},"in2DMode":false,"pivot":{"x":-9.5367431640625e-7,"y":0.12704111635684968,"z":0.0},"rotation":{"x":0.01866099052131176,"y":-0.9607686996459961,"z":0.06701138615608216,"w":0.26906102895736697},"size":0.16946937143802644,"orthographic":true}