{"cameraMode":{"drawMode":0,"name":"Shaded","section":"Shading Mode"},"sceneLighting":false,"audioPlay":false,"sceneViewState":{"showFog":true,"showMaterialUpdate":false,"showSkybox":false,"showFlares":true,"showImageEffects":true,"showParticleSystems":true},"in2DMode":false,"pivot":{"x":0.7080004811286926,"y":0.7327446937561035,"z":-0.5019999742507935},"rotation":{"x":-0.001999633153900504,"y":-0.9982213377952576,"z":0.03955193981528282,"w":-0.04790157452225685},"size":0.2679835259914398,"orthographic":true}