{"cameraMode":{"drawMode":0,"name":"Shaded","section":"Shading Mode"},"sceneLighting":false,"audioPlay":false,"sceneViewState":{"showFog":true,"showMaterialUpdate":false,"showSkybox":false,"showFlares":true,"showImageEffects":true,"showParticleSystems":true},"in2DMode":false,"pivot":{"x":-9.5367431640625e-7,"y":0.14714562892913819,"z":0.0},"rotation":{"x":-0.001999633153900504,"y":-0.9982213377952576,"z":0.03955193981528282,"w":-0.04790157452225685},"size":0.2514383792877197,"orthographic":true}