{"cameraMode":{"drawMode":0,"name":"Shaded","section":"Shading Mode"},"sceneLighting":false,"audioPlay":false,"sceneViewState":{"showFog":true,"showMaterialUpdate":false,"showSkybox":false,"showFlares":true,"showImageEffects":true,"showParticleSystems":true},"in2DMode":false,"pivot":{"x":-9.5367431640625e-7,"y":0.12704111635684968,"z":0.0},"rotation":{"x":0.01230937335640192,"y":-0.9822936058044434,"z":0.06998340040445328,"w":0.17423833906650544},"size":0.16946937143802644,"orthographic":true}