{"cameraMode":{"drawMode":0,"name":"Shaded","section":"Shading Mode"},"sceneLighting":false,"audioPlay":false,"sceneViewState":{"showFog":true,"showMaterialUpdate":false,"showSkybox":false,"showFlares":true,"showImageEffects":true,"showParticleSystems":true},"in2DMode":false,"pivot":{"x":-0.000001430511474609375,"y":0.024744659662246705,"z":0.0},"rotation":{"x":-0.018306583166122438,"y":-0.9486672878265381,"z":0.3113292157649994,"w":-0.05548807978630066},"size":0.213385209441185,"orthographic":true}