{"cameraMode":{"drawMode":0,"name":"Shaded","section":"Shading Mode"},"sceneLighting":false,"audioPlay":false,"sceneViewState":{"showFog":true,"showMaterialUpdate":false,"showSkybox":false,"showFlares":true,"showImageEffects":true,"showParticleSystems":true},"in2DMode":false,"pivot":{"x":1.2296452522277833,"y":1.324242115020752,"z":-1.5431604385375977},"rotation":{"x":-0.06279899924993515,"y":0.8458611369132996,"z":-0.10264762490987778,"w":-0.5199621915817261},"size":1.4695113897323609,"orthographic":true}