{"cameraMode":{"drawMode":0,"name":"Shaded","section":"Shading Mode"},"sceneLighting":false,"audioPlay":false,"sceneViewState":{"showFog":true,"showMaterialUpdate":false,"showSkybox":false,"showFlares":true,"showImageEffects":true,"showParticleSystems":true},"in2DMode":false,"pivot":{"x":-0.056451767683029178,"y":1.2629562616348267,"z":-0.4571670889854431},"rotation":{"x":-0.06279899924993515,"y":0.8458611369132996,"z":-0.10264762490987778,"w":-0.5199621915817261},"size":0.8686583042144775,"orthographic":true}