{"cameraMode":{"drawMode":0,"name":"Shaded","section":"Shading Mode"},"sceneLighting":false,"audioPlay":false,"sceneViewState":{"showFog":true,"showMaterialUpdate":false,"showSkybox":false,"showFlares":true,"showImageEffects":true,"showParticleSystems":true},"in2DMode":false,"pivot":{"x":-9.5367431640625e-7,"y":0.14714562892913819,"z":0.0},"rotation":{"x":0.09050436317920685,"y":-0.8829271793365479,"z":0.19010861217975617,"w":0.4200240671634674},"size":0.2514383792877197,"orthographic":true}