{"cameraMode":{"drawMode":0,"name":"Shaded","section":"Shading Mode"},"sceneLighting":false,"audioPlay":false,"sceneViewState":{"showFog":true,"showMaterialUpdate":false,"showSkybox":false,"showFlares":true,"showImageEffects":true,"showParticleSystems":true},"in2DMode":false,"pivot":{"x":0.009497655555605889,"y":0.17476792633533479,"z":-0.050879113376140597},"rotation":{"x":-0.05263291299343109,"y":0.8328818082809448,"z":-0.08084956556558609,"w":-0.5452743768692017},"size":0.20561206340789796,"orthographic":true}