{"cameraMode":{"drawMode":0,"name":"Shaded","section":"Shading Mode"},"sceneLighting":false,"audioPlay":false,"sceneViewState":{"showFog":true,"showMaterialUpdate":false,"showSkybox":false,"showFlares":true,"showImageEffects":true,"showParticleSystems":true},"in2DMode":false,"pivot":{"x":0.01799890398979187,"y":0.6854991912841797,"z":-0.4441224932670593},"rotation":{"x":-0.06279899924993515,"y":0.8458611369132996,"z":-0.10264762490987778,"w":-0.5199621915817261},"size":0.9933720231056213,"orthographic":true}