{"cameraMode":{"drawMode":0,"name":"Shaded","section":"Shading Mode"},"sceneLighting":false,"audioPlay":false,"sceneViewState":{"showFog":true,"showMaterialUpdate":false,"showSkybox":false,"showFlares":true,"showImageEffects":true,"showParticleSystems":true},"in2DMode":false,"pivot":{"x":-4.76837158203125e-7,"y":0.14714562892913819,"z":0.0},"rotation":{"x":0.038047801703214648,"y":-0.9338228106498718,"z":0.10469290614128113,"w":0.3404041826725006},"size":0.25143903493881228,"orthographic":true}