{"cameraMode":{"drawMode":0,"name":"Shaded","section":"Shading Mode"},"sceneLighting":false,"audioPlay":false,"sceneViewState":{"showFog":true,"showMaterialUpdate":false,"showSkybox":false,"showFlares":true,"showImageEffects":true,"showParticleSystems":true},"in2DMode":false,"pivot":{"x":-4.76837158203125e-7,"y":0.024744659662246705,"z":0.0},"rotation":{"x":0.0007194831850938499,"y":-0.9637529253959656,"z":0.267356276512146,"w":0.0029617566615343096},"size":0.36048224568367007,"orthographic":true}