{"cameraMode":{"drawMode":0,"name":"Shaded","section":"Shading Mode"},"sceneLighting":false,"audioPlay":false,"sceneViewState":{"showFog":true,"showMaterialUpdate":false,"showSkybox":false,"showFlares":true,"showImageEffects":true,"showParticleSystems":true},"in2DMode":false,"pivot":{"x":-0.000001430511474609375,"y":0.041493892669677737,"z":0.0},"rotation":{"x":-0.012458356097340584,"y":-0.9433655738830566,"z":0.3301020860671997,"w":-0.03531835600733757},"size":0.21596919000148774,"orthographic":true}