{"cameraMode":{"drawMode":0,"name":"Shaded","section":"Shading Mode"},"sceneLighting":false,"audioPlay":false,"sceneViewState":{"showFog":true,"showMaterialUpdate":false,"showSkybox":false,"showFlares":true,"showImageEffects":true,"showParticleSystems":true},"in2DMode":false,"pivot":{"x":9.5367431640625e-7,"y":0.13678187131881715,"z":0.0},"rotation":{"x":0.024487046524882318,"y":-0.9029424786567688,"z":0.05211782455444336,"w":0.426248699426651},"size":0.1534910947084427,"orthographic":true}