{"cameraMode":{"drawMode":0,"name":"Shaded","section":"Shading Mode"},"sceneLighting":false,"audioPlay":false,"sceneViewState":{"showFog":true,"showMaterialUpdate":false,"showSkybox":false,"showFlares":true,"showImageEffects":true,"showParticleSystems":true},"in2DMode":false,"pivot":{"x":0.04179435968399048,"y":0.6149727702140808,"z":-0.6835973262786865},"rotation":{"x":-0.06279899924993515,"y":0.8458611369132996,"z":-0.10264762490987778,"w":-0.5199621915817261},"size":0.9700807929039002,"orthographic":true}