{"cameraMode":{"drawMode":0,"name":"Shaded","section":"Shading Mode"},"sceneLighting":false,"audioPlay":false,"sceneViewState":{"showFog":true,"showMaterialUpdate":false,"showSkybox":false,"showFlares":true,"showImageEffects":true,"showParticleSystems":true},"in2DMode":false,"pivot":{"x":-9.5367431640625e-7,"y":0.12704111635684968,"z":0.0},"rotation":{"x":0.0462377667427063,"y":-0.9446282982826233,"z":0.15208092331886292,"w":0.28761446475982668},"size":0.16946937143802644,"orthographic":true}