{"cameraMode":{"drawMode":0,"name":"Shaded","section":"Shading Mode"},"sceneLighting":true,"audioPlay":false,"sceneViewState":{"showFog":true,"showMaterialUpdate":false,"showSkybox":false,"showFlares":true,"showImageEffects":true,"showParticleSystems":true},"in2DMode":false,"pivot":{"x":4.366636276245117,"y":2.0802197456359865,"z":-0.8584247827529907},"rotation":{"x":0.012794805690646172,"y":-0.9449438452720642,"z":0.037478744983673099,"w":0.3253052830696106},"size":2.2611615657806398,"orthographic":true}