{"cameraMode":{"drawMode":0,"name":"Shaded","section":"Shading Mode"},"sceneLighting":false,"audioPlay":false,"sceneViewState":{"showFog":true,"showMaterialUpdate":false,"showSkybox":false,"showFlares":true,"showImageEffects":true,"showParticleSystems":true},"in2DMode":false,"pivot":{"x":2.398977518081665,"y":1.9781849384307862,"z":0.6186550259590149},"rotation":{"x":-0.14656074345111848,"y":-0.7725319266319275,"z":0.1934984177350998,"w":-0.5872928500175476},"size":1.5813939571380616,"orthographic":false}