{"cameraMode":{"drawMode":0,"name":"Shaded","section":"Shading Mode"},"sceneLighting":false,"audioPlay":false,"sceneViewState":{"showFog":true,"showMaterialUpdate":false,"showSkybox":false,"showFlares":true,"showImageEffects":true,"showParticleSystems":true},"in2DMode":false,"pivot":{"x":-4.76837158203125e-7,"y":0.03066006302833557,"z":0.0},"rotation":{"x":-0.03555601090192795,"y":-0.9202619791030884,"z":0.3805375397205353,"w":-0.08575575053691864},"size":0.6106206178665161,"orthographic":true}