{"cameraMode":{"drawMode":0,"name":"Shaded","section":"Shading Mode"},"sceneLighting":false,"audioPlay":false,"sceneViewState":{"showFog":true,"showMaterialUpdate":false,"showSkybox":false,"showFlares":true,"showImageEffects":true,"showParticleSystems":true},"in2DMode":false,"pivot":{"x":4.76837158203125e-7,"y":0.024744659662246705,"z":0.0},"rotation":{"x":-0.002442733384668827,"y":-0.9195801615715027,"z":0.39325061440467837,"w":-0.005432157777249813},"size":0.2184639871120453,"orthographic":true}