{"cameraMode":{"drawMode":0,"name":"Shaded","section":"Shading Mode"},"sceneLighting":false,"audioPlay":false,"sceneViewState":{"showFog":true,"showMaterialUpdate":false,"showSkybox":false,"showFlares":true,"showImageEffects":true,"showParticleSystems":true},"in2DMode":false,"pivot":{"x":-4.76837158203125e-7,"y":0.14714562892913819,"z":0.0},"rotation":{"x":0.04076523706316948,"y":-0.9325004816055298,"z":0.11163327097892761,"w":0.3415086567401886},"size":0.25143903493881228,"orthographic":true}