{"cameraMode":{"drawMode":0,"name":"Shaded","section":"Shading Mode"},"sceneLighting":false,"audioPlay":false,"sceneViewState":{"showFog":true,"showMaterialUpdate":false,"showSkybox":false,"showFlares":true,"showImageEffects":true,"showParticleSystems":true},"in2DMode":false,"pivot":{"x":9.5367431640625e-7,"y":-1.4901161193847657e-8,"z":-0.0000019073486328125},"rotation":{"x":-0.062499284744262698,"y":0.9268192052841187,"z":-0.17940106987953187,"w":-0.3244025409221649},"size":0.3912271559238434,"orthographic":true}